{
  "id": "4198586",
  "name": "resume",
  "font_family": "iconfont",
  "css_prefix_text": "icon-",
  "description": "简历",
  "glyphs": [
    {
      "icon_id": "3483766",
      "name": "生日",
      "font_class": "shengri",
      "unicode": "e672",
      "unicode_decimal": 58994
    },
    {
      "icon_id": "3762485",
      "name": "生日-01-01",
      "font_class": "shengri--",
      "unicode": "e619",
      "unicode_decimal": 58905
    },
    {
      "icon_id": "3901172",
      "name": "生日",
      "font_class": "shengri1",
      "unicode": "e604",
      "unicode_decimal": 58884
    },
    {
      "icon_id": "9030571",
      "name": "生日",
      "font_class": "shengri2",
      "unicode": "e641",
      "unicode_decimal": 58945
    },
    {
      "icon_id": "29602551",
      "name": "生日",
      "font_class": "shengri3",
      "unicode": "e707",
      "unicode_decimal": 59143
    },
    {
      "icon_id": "151386",
      "name": "手机",
      "font_class": "shouji",
      "unicode": "e6b7",
      "unicode_decimal": 59063
    },
    {
      "icon_id": "400241",
      "name": "blog",
      "font_class": "blog",
      "unicode": "e63a",
      "unicode_decimal": 58938
    },
    {
      "icon_id": "435931",
      "name": "年龄",
      "font_class": "nianling",
      "unicode": "e7ba",
      "unicode_decimal": 59322
    },
    {
      "icon_id": "1215323",
      "name": "blog",
      "font_class": "blog1",
      "unicode": "e717",
      "unicode_decimal": 59159
    },
    {
      "icon_id": "3187286",
      "name": "手机",
      "font_class": "shouji1",
      "unicode": "e613",
      "unicode_decimal": 58899
    },
    {
      "icon_id": "3742862",
      "name": "邮箱",
      "font_class": "youxiang",
      "unicode": "e60c",
      "unicode_decimal": 58892
    },
    {
      "icon_id": "3887222",
      "name": "11-学校",
      "font_class": "-xuexiao",
      "unicode": "e60a",
      "unicode_decimal": 58890
    },
    {
      "icon_id": "3900093",
      "name": "邮箱",
      "font_class": "youxiang1",
      "unicode": "e60b",
      "unicode_decimal": 58891
    },
    {
      "icon_id": "4552970",
      "name": "邮箱",
      "font_class": "youxiang2",
      "unicode": "e908",
      "unicode_decimal": 59656
    },
    {
      "icon_id": "4604225",
      "name": "邮箱",
      "font_class": "youxiang3",
      "unicode": "e61a",
      "unicode_decimal": 58906
    },
    {
      "icon_id": "4893453",
      "name": "邮箱",
      "font_class": "youxiang4",
      "unicode": "e666",
      "unicode_decimal": 58982
    },
    {
      "icon_id": "5618153",
      "name": "WEB前端",
      "font_class": "WEBqianduan",
      "unicode": "e61c",
      "unicode_decimal": 58908
    },
    {
      "icon_id": "7091366",
      "name": "学校",
      "font_class": "xuexiao",
      "unicode": "e62b",
      "unicode_decimal": 58923
    },
    {
      "icon_id": "7765184",
      "name": "学校_学生",
      "font_class": "xuexiao_xuesheng",
      "unicode": "e661",
      "unicode_decimal": 58977
    },
    {
      "icon_id": "8288872",
      "name": "手机",
      "font_class": "shouji2",
      "unicode": "e853",
      "unicode_decimal": 59475
    },
    {
      "icon_id": "8796699",
      "name": "Blog",
      "font_class": "Blog",
      "unicode": "e85a",
      "unicode_decimal": 59482
    },
    {
      "icon_id": "10584851",
      "name": "年龄",
      "font_class": "nianling1",
      "unicode": "e69d",
      "unicode_decimal": 59037
    },
    {
      "icon_id": "11120547",
      "name": "微信",
      "font_class": "weixin",
      "unicode": "e62a",
      "unicode_decimal": 58922
    },
    {
      "icon_id": "12522789",
      "name": "手机",
      "font_class": "shouji3",
      "unicode": "e628",
      "unicode_decimal": 58920
    },
    {
      "icon_id": "15933094",
      "name": "微信",
      "font_class": "weixin1",
      "unicode": "e607",
      "unicode_decimal": 58887
    },
    {
      "icon_id": "16706747",
      "name": "网站维护，网站设置",
      "font_class": "wangzhanweihuwangzhanshezhi",
      "unicode": "e637",
      "unicode_decimal": 58935
    },
    {
      "icon_id": "25671604",
      "name": "学校",
      "font_class": "xuexiao1",
      "unicode": "fe50",
      "unicode_decimal": 65104
    },
    {
      "icon_id": "27363226",
      "name": "blog",
      "font_class": "blog2",
      "unicode": "eaf9",
      "unicode_decimal": 60153
    }
  ]
}
